,molecule_chembl_id,canonical_smiles,class,MW,LogP,NumHDonors,NumHAcceptors,pIC50
0,CHEMBL303519,c1cnc(N2CCN(Cc3cccc4c3Cc3ccccc3-4)CC2)nc1,active,342.44600000000014,3.370000000000002,0.0,4.0,7.698970004336019
1,CHEMBL292943,COc1ccc(-c2cccc(CN3CCN(c4ncccn4)CC3)c2)cc1,active,360.46100000000007,3.474400000000002,0.0,5.0,7.2441251443275085
2,CHEMBL61682,Fc1ccc(-c2cncc(CN3CCN(c4ccccc4F)CC3)c2)cc1,active,365.4270000000001,4.349000000000004,0.0,3.0,8.522878745280337
3,CHEMBL64487,COc1ccccc1-c1cccc(CN2CCN(c3ncccn3)CC2)c1,active,360.46100000000007,3.474400000000002,0.0,5.0,7.795880017344075
4,CHEMBL64597,c1cnc(N2CCN(Cc3cccc(-c4ccsc4)c3)CC2)nc1,active,336.4640000000001,3.527300000000002,0.0,5.0,8.522878745280337
5,CHEMBL291824,Fc1ccc(-c2cncc(CN3CCN(c4ccc(F)cc4)CC3)c2)cc1,active,365.4270000000001,4.349000000000004,0.0,3.0,8.096910013008056
6,CHEMBL59942,Fc1ccc(-c2cccc(CN3CCN(c4ncccn4)CC3)c2)cc1,active,348.42500000000007,3.6049000000000015,0.0,4.0,8.698970004336019
7,CHEMBL61657,Fc1ccc(-c2cncc(CN3CCN(c4ccccn4)CC3)c2)cc1,active,348.42500000000007,3.6049000000000024,0.0,4.0,8.154901959985743
8,CHEMBL302183,Fc1ccc(-c2cncc(CN3CCN(c4ncccn4)CC3)c2)cc1,active,349.41300000000007,2.999900000000001,0.0,5.0,8.045757490560675
9,CHEMBL64622,c1cnc(N2CCN(Cc3cccc4c3oc3ccccc34)CC2)nc1,active,344.4180000000001,3.6982000000000017,0.0,5.0,6.5376020021010435
10,CHEMBL304692,c1cnc(N2CCN(Cc3cccc4c3-c3ccccc3C4)CC2)nc1,intermediate,342.4460000000002,3.370000000000002,0.0,4.0,5.318758762624412
11,CHEMBL555670,Cl.Clc1ccc(N2CCN(Cc3c[nH]c4ncccc34)CC2)cc1,active,326.83100000000013,3.5385000000000018,1.0,3.0,9.0
12,CHEMBL291380,Fc1ccccc1-c1cccc(CN2CCN(c3ncccn3)CC2)c1,active,348.42500000000007,3.6049000000000024,0.0,4.0,8.096910013008056
13,CHEMBL64671,COc1cccc(-c2cccc(CN3CCN(c4ncccn4)CC3)c2)c1,active,360.46100000000007,3.474400000000002,0.0,5.0,7.769551078621726
14,CHEMBL62829,Fc1cccc(-c2cccc(CN3CCN(c4ncccn4)CC3)c2)c1,active,348.42500000000007,3.6049000000000015,0.0,4.0,8.397940008672037
15,CHEMBL64119,CC(C)Oc1cccnc1N(C)C1CCN(Cc2ccccc2)CC1.O=C(O)/C=C\C(=O)O,active,339.48300000000006,3.9696000000000033,0.0,4.0,8.301029995663981
16,CHEMBL302904,Fc1ccc(-c2cncc(CN3CCN(c4ccccc4)CC3)c2)cc1,active,347.43700000000007,4.209900000000003,0.0,3.0,8.221848749616356
17,CHEMBL60957,Fc1ccc(-c2cncc(CN3CCN(c4cnccn4)CC3)c2)cc1,active,349.41300000000007,2.999900000000001,0.0,5.0,7.6020599913279625
18,CHEMBL1204116,Br.Clc1ccc(N2CCN(C[C@H]3C[C@@H]3c3ccccc3)CC2)c(Cl)c1,active,361.31600000000014,4.919100000000005,0.0,2.0,8.045757490560675
19,CHEMBL42,CN1CCN(C2=Nc3cc(Cl)ccc3Nc3ccccc32)CC1,active,326.83100000000013,3.7227000000000023,1.0,4.0,7.769551078621726
20,CHEMBL1203260,Cl.c1ccc([C@H]2C[C@@H]2CN2CCN(c3ccccn3)CC2)cc1,active,293.41400000000004,3.0073000000000016,0.0,3.0,7.017728766960431
21,CHEMBL1202203,Br.c1ccc([C@H]2C[C@@H]2CN2CCN(c3cccnc3)CC2)cc1,inactive,293.41400000000004,3.0073000000000016,0.0,3.0,5.0
22,CHEMBL1202222,Br.Fc1ccc([C@H]2C[C@@H]2CN2CCN(c3ccc(Cl)cc3)CC2)cc1,active,344.8610000000001,4.404800000000004,0.0,2.0,7.522878745280337
23,CHEMBL2092961,Br.Cc1ccc(N2CCN(CC3CC3c3ccccc3)CC2)c(C)c1,active,320.4800000000002,4.229140000000004,0.0,2.0,8.154901959985743
24,CHEMBL1202211,Br.COc1cc(Cl)ccc1N1CCN(C[C@H]2C[C@@H]2c2ccccc2)CC1,active,356.8970000000001,4.274300000000004,0.0,3.0,8.522878745280337
25,CHEMBL1202213,Br.Clc1cccc(N2CCN(C[C@H]3C[C@@H]3c3ccccc3)CC2)c1Cl,active,361.31600000000014,4.919100000000004,0.0,2.0,8.045757490560675
26,CHEMBL125455,Clc1ccc(N2CCN(C[C@@H]3C[C@H]3c3ccccc3)CC2)c(Cl)c1,active,361.31600000000014,4.919100000000005,0.0,2.0,6.876148359032914
27,CHEMBL1202216,Br.COc1ccccc1N1CCN(C[C@H]2C[C@@H]2c2ccccc2)CC1,active,322.45200000000006,3.6209000000000024,0.0,3.0,8.522878745280337
28,CHEMBL1202217,Br.COc1cccc(N2CCN(C[C@H]3C[C@@H]3c3ccccc3)CC2)c1,active,322.45200000000006,3.6209000000000024,0.0,3.0,7.431798275933005
29,CHEMBL1202202,Br.Oc1ccc([C@H]2C[C@@H]2CN2CCN(c3ccc(Cl)cc3Cl)CC2)cc1,active,377.31500000000017,4.624700000000004,1.0,3.0,7.366531544420414
30,CHEMBL54,O=C(CCCN1CCC(O)(c2ccc(Cl)cc2)CC1)c1ccc(F)cc1,active,375.87100000000015,4.425600000000004,1.0,3.0,8.301029995663981
31,CHEMBL1202221,Br.Clc1cccc(N2CCN(C[C@H]3C[C@@H]3c3ccccc3)CC2)c1,active,326.8710000000001,4.265700000000003,0.0,2.0,7.070581074285707
32,CHEMBL1202220,Br.Clc1ccc(N2CCN(C[C@H]3C[C@@H]3c3ccccc3)CC2)cc1,active,326.8710000000001,4.265700000000003,0.0,2.0,8.301029995663981
33,CHEMBL1203257,Cl.c1ccc([C@H]2C[C@@H]2CN2CCN(c3ncccn3)CC2)cc1,active,294.40200000000004,2.4023000000000003,0.0,4.0,6.246416941107094
34,CHEMBL1202219,Br.Fc1ccc([C@H]2C[C@@H]2CN2CCN(c3ccccc3Cl)CC2)cc1,active,344.8610000000001,4.404800000000004,0.0,2.0,8.0
35,CHEMBL1202210,Br.Cc1cc(Cl)ccc1N1CCN(C[C@H]2C[C@@H]2c2ccccc2)CC1,active,340.898,4.574120000000003,0.0,2.0,7.508638306165727
36,CHEMBL341497,c1ccc([C@H]2C[C@@H]2CN2CCN(c3ccccc3)CC2)cc1,active,292.42600000000004,3.612300000000003,0.0,2.0,7.318758762624412
37,CHEMBL1202215,Br.Clc1ccccc1N1CCN(C[C@H]2C[C@@H]2c2ccccc2)CC1,active,326.87100000000004,4.2657000000000025,0.0,2.0,8.096910013008056
38,CHEMBL1202212,Br.Clc1ccc(N2CCN(C[C@H]3C[C@@H]3c3ccccc3)CC2)cc1Cl,active,361.31600000000014,4.919100000000005,0.0,2.0,8.0
39,CHEMBL1202209,Br.Cc1cc(F)ccc1N1CCN(C[C@H]2C[C@@H]2c2ccccc2)CC1,active,324.44300000000004,4.059820000000003,0.0,2.0,7.167491087293763
40,CHEMBL1202204,Br.COc1c(Cl)cc(N2CCN(C[C@H]3C[C@@H]3c3ccccc3)CC2)cc1Cl,active,391.3420000000001,4.927700000000004,0.0,3.0,7.795880017344075
41,CHEMBL1202207,Br.c1ccc([C@H]2C[C@@H]2CN2CCN(c3ccncc3)CC2)cc1,inactive,293.41400000000004,3.0073000000000016,0.0,3.0,5.0
42,CHEMBL1202206,Br.COc1ccc([C@H]2C[C@@H]2CN2CCN(c3ccc(Cl)cc3Cl)CC2)cc1,active,391.3420000000001,4.927700000000004,0.0,3.0,7.346787486224656
43,CHEMBL1202208,Br.Cc1ccc(N2CCN(C[C@@H]3C[C@H]3c3ccccc3)CC2)c(C)c1,active,320.4800000000002,4.229140000000004,0.0,2.0,8.096910013008056
44,CHEMBL1204119,Br.Cc1ccc(N2CCN(C[C@H]3C[C@@H]3c3ccccc3)CC2)c(C)c1,active,320.4800000000002,4.229140000000004,0.0,2.0,7.769551078621726
45,CHEMBL1202205,Br.COc1ccc(Cl)cc1N1CCN(C[C@H]2C[C@@H]2c2ccccc2)CC1,active,356.8970000000001,4.274300000000004,0.0,3.0,8.045757490560675
46,CHEMBL1202224,Br.COc1ccc(N2CCN(C[C@H]3C[C@@H]3c3ccccc3)CC2)cc1,active,322.4520000000001,3.6209000000000024,0.0,3.0,7.136677139879544
47,CHEMBL1202225,Br.Clc1cc(Cl)cc(N2CCN(C[C@H]3C[C@@H]3c3ccccc3)CC2)c1,active,361.3160000000001,4.919100000000005,0.0,2.0,6.785156151952302
48,CHEMBL1202223,Br.Fc1ccc([C@H]2C[C@@H]2CN2CCN(c3cccc(Cl)c3)CC2)cc1,active,344.8610000000001,4.404800000000004,0.0,2.0,7.5376020021010435
49,CHEMBL1202214,Br.Br.COc1cc(F)ccc1N1CCN(C[C@H]2C[C@@H]2c2ccccc2)CC1,active,340.44200000000006,3.7600000000000025,0.0,3.0,8.221848749616356
50,CHEMBL22242,CCN1CCC[C@H]1CNC(=O)c1c(OC)ccc(Br)c1OC,intermediate,371.2750000000001,2.6804000000000006,1.0,4.0,5.412064651363644
51,CHEMBL80645,O=C(O)/C=C/C(=O)O.c1cnc(N2CCN(CCCCCNC3=Nc4ccccc4OC3)CC2)nc1,active,380.49600000000015,2.4811000000000005,1.0,7.0,7.022276394711152
52,CHEMBL831,CN1CCN(C2=Nc3ccccc3Oc3ccc(Cl)cc32)CC1,active,327.8150000000001,3.7714000000000025,0.0,4.0,7.853871964321762
53,CHEMBL415300,CN1CCN(C2=Nc3ccccc3Nc3ccc(Cl)cc32)CC1,active,326.83100000000013,3.7227000000000023,1.0,4.0,6.958607314841775
54,CHEMBL412665,O=C(O)/C=C/C(=O)O.c1ccc(N2CCN(CCCNC3=Nc4ccccc4OC3)CC2)cc1,active,350.4660000000002,2.9109000000000016,1.0,5.0,7.022276394711152
55,CHEMBL72292,CN1CCN(C2=Nc3ccccc3Nc3ccc(OS(=O)(=O)C(F)(F)F)cc32)CC1,active,440.4470000000002,3.2977000000000016,1.0,7.0,6.920818753952375
56,CHEMBL310311,O=C(O)/C=C/C(=O)O.c1ccc(N2CCN(CCCNC3=Nc4ccccc4OC3)CC2)nc1,active,351.4540000000002,2.3059000000000003,1.0,6.0,7.5638373529592435
57,CHEMBL81485,CNCC1CC2c3ccccc3Cc3ccccc3N2O1,active,280.371,3.0618000000000016,1.0,3.0,6.519993057042849
58,CHEMBL70319,CN1CCN(C2=Nc3cc(Cl)ccc3Nc3ccc(OS(=O)(=O)C(F)(F)F)cc32)CC1,active,474.8920000000002,3.951100000000003,1.0,7.0,6.309803919971486
59,CHEMBL73589,CN1CCN(C2=Nc3ccccc3Sc3ccc(OS(=O)(=O)C(F)(F)F)cc32)CC1,active,457.4990000000002,3.705300000000003,0.0,7.0,6.2441251443275085
60,CHEMBL83658,CN(C)CC1CC2c3ccccc3Cc3ccccc3N2O1,active,294.398,3.4040000000000026,0.0,3.0,6.879985747921933
61,CHEMBL306474,CN1CCN(C2=Nc3ccccc3Oc3ccc(OS(C)(=O)=O)cc32)CC1,active,387.4610000000002,2.4564000000000004,0.0,7.0,6.0
62,CHEMBL430798,CN1CCN(C2=Nc3ccccc3Oc3ccc(OS(=O)(=O)C(F)(F)F)cc32)CC1,active,441.43100000000015,3.346400000000002,0.0,7.0,6.823908740944319
63,CHEMBL6437,CN1CCN2c3ccccc3Cc3ccccc3C2C1,intermediate,264.372,3.0839000000000016,0.0,2.0,5.480000159330324
64,CHEMBL19331,Oc1ccc2c(c1)CCN2,inactive,135.166,1.3601999999999996,2.0,2.0,4.406713932979542
65,CHEMBL2303762,OC[C@H]1O[C@H](Oc2ccc(CC3NCCc4cc(O)c(O)cc43)cc2)[C@H](O)[C@H](O)[C@H]1O,inactive,433.45700000000005,-0.29400000000000015,7.0,9.0,4.323306390375134
66,CHEMBL266393,COc1nsnc1N1CCN(C[C@@H](Cc2cccnc2)NC(=O)C2(C)CCCCC2)CC1,intermediate,458.63200000000035,2.7616000000000005,1.0,8.0,5.957818405484233
67,CHEMBL331077,CN(C)CC1CC2c3ccccc3Cc3ccncc3N2O1,active,295.386,2.7990000000000013,0.0,4.0,6.599997654072044
68,CHEMBL315772,CN(C)CC1CC2c3ccccc3Cc3ccc(Cl)cc3N2O1,active,328.8430000000001,4.057400000000003,0.0,3.0,8.580044251510243
69,CHEMBL331188,CN(C)CC1CC2c3cccnc3Cc3ccccc3N2O1,active,295.386,2.7990000000000013,0.0,4.0,6.0
70,CHEMBL332154,O=c1ccc2ccc(CNCCNc3ccccc3)cc2o1,active,294.35400000000004,2.994700000000001,2.0,4.0,8.886056647693163
71,CHEMBL122754,Cc1ccc(NCCNCc2ccc3ccc(=O)oc3c2)cc1,active,308.3810000000001,3.3031200000000016,2.0,4.0,7.008773924307505
72,CHEMBL123031,Cc1ccc(N2CCN(Cc3ccc4ccc(=O)oc4c3)CC2)cc1Cl,active,368.86400000000015,4.077020000000004,0.0,4.0,8.267606240177031
73,CHEMBL122049,Cc1ccc(N2CCN(Cc3ccc4oc(=O)ccc4c3)CC2)cc1,active,334.41900000000015,3.4236200000000023,0.0,4.0,6.0
74,CHEMBL99355,CCCN1CCOC2c3cc(O)ccc3[S+]([O-])CC21,inactive,281.377,1.6653,1.0,4.0,5.0
75,CHEMBL127257,Cc1ccc(N2CCN(Cc3nc4ccccc4[nH]3)CC2)cc1C,active,320.44000000000017,3.501940000000002,1.0,3.0,8.301029995663981
76,CHEMBL127290,Cc1ccc(C)c(N2CCN(Cc3nc4ccccc4[nH]3)CC2)c1,active,320.4400000000001,3.501940000000002,1.0,3.0,9.0
77,CHEMBL116735,O=C(CCc1ccc(F)cc1)N1CCN(CCCC(c2ccc(F)cc2)c2ccc(F)cc2)CC1,active,480.5740000000001,5.793000000000006,0.0,2.0,6.145086977692144
78,CHEMBL116463,N#Cc1ccc(CCOC(=O)NC2CCN(CCCC(c3ccc(F)cc3)c3ccc(F)cc3)CC2)cc1,active,517.6200000000002,6.181880000000007,1.0,4.0,6.265200170411153
79,CHEMBL326263,N#Cc1ccc(CCOC(=O)N2CCN(CCCC(c3ccc(F)cc3)c3ccc(F)cc3)CC2)cc1,active,503.59300000000013,5.745480000000006,0.0,4.0,6.110138278741812
80,CHEMBL325945,O=c1[nH]c2ccccc2n(C2CCN(Cc3cc4c(cc3Cl)OCO4)CC2)c1=O,intermediate,413.86100000000016,2.9090000000000016,1.0,6.0,5.183758700008217
81,CHEMBL325750,O=C1NCN(c2ccccc2)C12CCN(Cc1ccc3nsnc3c1)CC2,intermediate,379.4890000000001,2.6198000000000006,1.0,6.0,5.72584215073632
82,CHEMBL117537,O=C(CCCc1ccccc1)N1CCN(CCCC(c2ccc(F)cc2)c2ccc(F)cc2)CC1,active,476.61100000000016,6.044000000000007,0.0,2.0,6.552841968657781
83,CHEMBL114280,Oc1nc2ccccc2n1CCCNCc1cc2c(cc1Cl)OCO2,active,359.813,3.3039000000000014,2.0,6.0,6.367542707815276
84,CHEMBL325516,O=C(OCCc1ccc(F)cc1)N1CCN(CCCC(c2ccc(F)cc2)c2ccc(F)cc2)CC1,active,496.5730000000002,6.012900000000006,0.0,3.0,6.471083299722345
85,CHEMBL325258,N#Cc1ccc(CCOC(=O)N2CCN(CCCc3ccccc3)CC2)cc1,intermediate,377.48800000000006,3.4877800000000025,0.0,4.0,5.85078088734462
86,CHEMBL114484,Cc1ccc(CN2CCC(n3c(O)nc4ccccc43)CC2)c(Cl)c1,intermediate,355.86900000000014,4.5408200000000045,1.0,4.0,5.772113295386326
87,CHEMBL326962,O=C1NCN(c2ccccc2)C12CCN(Cc1ccc3c(c1)OCO3)CC2,active,365.43300000000016,2.3438,1.0,5.0,6.023650020996727
88,CHEMBL118636,CCCN(CCC)C1Cc2ccc3nc(N)sc3c2C1,inactive,289.4480000000001,3.4677000000000016,1.0,4.0,5.0
89,CHEMBL2373204,COc1cccc(C(=O)NCCN2CCN(Cc3ccccc3OC)CC2)c1.Cl.Cl.O,active,383.4920000000001,2.2513999999999994,1.0,5.0,7.522878745280337
90,CHEMBL2373207,COc1cccc(C(=O)NCCN2CCN(Cc3ccc(Cl)cc3)CC2)c1.Cl.Cl.O,active,387.91100000000006,2.896200000000001,1.0,4.0,7.154901959985743
91,CHEMBL359002,COc1ccccc1N1CCN(CCC(=O)NC2CCc3c(cccc3OC)C2)CC1,active,423.5570000000003,2.8896000000000015,1.0,5.0,6.920818753952375
92,CHEMBL2373209,COc1ccccc1N1CCN(CC(=O)NC2CCc3c(cccc3OC)C2)CC1.Cl.Cl,active,409.53000000000026,2.4995000000000003,1.0,5.0,6.070581074285707
93,CHEMBL2373208,COc1ccc2c(c1)CC(NC(=O)CN1CCN(c3ccccc3OC)CC1)CC2.Cl.Cl,active,409.53000000000026,2.4995000000000003,1.0,5.0,6.327902142064283
94,CHEMBL356358,COc1ccccc1C(=O)NCCN1CCN(c2ccccc2OC)CC1,active,369.4650000000001,2.2558,1.0,5.0,8.397940008672037
95,CHEMBL2373205,COc1cccc(-c2csc(CCN3CCN(c4ccccc4OC)CC3)n2)c1.Cl,active,409.5550000000001,4.192000000000003,0.0,6.0,6.958607314841775
96,CHEMBL144811,COc1ccc(OC)c(C(=O)NCCN2CCN(c3ccccc3OC)CC2)c1,active,399.49100000000016,2.2643999999999993,1.0,6.0,8.10790539730952
97,CHEMBL26929,COc1ccccc1N1CCN(CCCC2CCCc3c(OC)cccc32)CC1,active,394.55900000000014,4.726100000000005,0.0,4.0,7.221848749616356
98,CHEMBL2373206,COc1cccc(-c2csc(CN3CCN(c4ccccc4OC)CC3)n2)c1.Cl.Cl.Cl.O,active,395.52800000000013,4.149500000000002,0.0,6.0,6.130768280269024
99,CHEMBL424125,COc1ccc2c(c1)C(CCCN1CCN(c3ccccc3OC)CC1)CCC2,active,394.5590000000002,4.726100000000004,0.0,4.0,6.552841968657781
100,CHEMBL2373210,COc1ccc2c(c1)CC(NC(=O)CCN1CCN(c3ccccc3OC)CC1)CC2.Cl.Cl,active,423.55700000000024,2.8896000000000006,1.0,5.0,7.522878745280337
101,CHEMBL286725,COc1cccc(C(=O)NCCN2CCN(c3ccccc3OC)CC2)c1,active,369.4650000000001,2.2558,1.0,5.0,9.0
102,CHEMBL357448,COc1cccc(C(=O)NCCCN2CCN(c3ccccc3OC)CC2)c1,active,383.4920000000001,2.645900000000001,1.0,5.0,8.55284196865778
103,CHEMBL26677,COc1cccc(C(=O)CCCN2CCN(c3ccccc3OC)CC2)c1,active,368.4770000000001,3.488900000000002,0.0,5.0,8.508638306165727
104,CHEMBL93403,COc1cccc(C(=O)NCCN2CCN(c3ccc(Cl)cc3)CC2)c1,active,373.884,2.9006000000000007,1.0,4.0,10.244125144327509
105,CHEMBL147483,COc1cccc(C(=O)NCCN2CCN(c3ccccn3)CC2)c1,active,340.427,1.6421999999999994,1.0,5.0,9.0
106,CHEMBL84931,CN(C)CC1CC2c3ccccc3Cc3ccc(F)cc3N2O1,active,312.38800000000003,3.5431000000000026,0.0,3.0,7.840132152907433
107,CHEMBL314107,CN(C)CC1CC2c3cc(F)ccc3Cc3ccc(F)cc3N2O1,active,330.37800000000004,3.6822000000000026,0.0,3.0,6.0
108,CHEMBL85735,Cc1ccc2c(c1)N1OC(CN(C)C)CC1c1ccccc1C2,active,308.42500000000007,3.7124200000000025,0.0,3.0,6.0
109,CHEMBL715,Cc1cc2c(s1)Nc1ccccc1N=C2N1CCN(C)CC1,active,312.4420000000001,3.4392200000000033,1.0,5.0,6.761953896871205
110,CHEMBL131482,CC1SC2(CCCC2)C(=O)N1CCCCN1CCN(c2csc3cc(F)ccc23)CC1,active,461.67200000000014,5.176800000000005,0.0,5.0,6.146910470148135
111,CHEMBL89934,CC1SC(C)(C)C(=O)N1CCCCN1CCN(c2csc3cc(F)ccc23)CC1,active,435.6340000000001,4.642600000000004,0.0,5.0,7.5376020021010435
112,CHEMBL185156,O=C(NC1CCN(Cc2ccccc2)C1)c1ccc(-c2ccccc2)cc1,intermediate,356.4690000000001,4.357900000000003,1.0,2.0,5.823908740944319
113,CHEMBL8412,O=C1c2ccccc2S(=O)(=O)N1CCCCN1CCN(c2ncccn2)CC1,intermediate,401.49200000000013,1.2234999999999998,0.0,7.0,5.7447274948966935
114,CHEMBL69584,O=C(CN1CCN(Cc2ccc(Cl)cc2)CC1)N1CCc2ccccc21,active,369.89600000000013,3.0469000000000017,0.0,3.0,8.795880017344075
115,CHEMBL107742,Cc1ccc(CN2CCN(CC(=O)N3c4ccccc4CC3C)CC2)cc1,active,363.5050000000002,3.0904200000000017,0.0,3.0,8.522878745280337
116,CHEMBL320597,Cc1ccc(CN2CCN(CC(=O)N3c4ccccc4C[C@H]3C)CC2)cc1,active,363.5050000000002,3.0904200000000017,0.0,3.0,8.698970004336019
117,CHEMBL198949,CC(=O)Nc1cc(Cl)ccc1/C=C/C(=O)N1CCN(Cc2ccc(F)cc2)C[C@H]1C,active,429.9230000000002,4.183600000000003,1.0,3.0,6.0
118,CHEMBL2113241,Cc1coc2ccc(N3C[C@@]4(CN5CCC4CC5)OC3=O)cc12,inactive,312.369,3.1622200000000014,0.0,4.0,5.0
119,CHEMBL220808,Fc1ccc(-c2cncc(CNC[C@H]3CCc4ccccc4O3)c2)cc1,active,348.42100000000005,4.371100000000003,1.0,3.0,8.221848749616356
120,CHEMBL250699,COc1cc(NC(=O)c2ccc(-c3ccc(Cl)cc3)o2)cc(OC)c1,inactive,357.7930000000001,4.869500000000003,1.0,4.0,5.0
121,CHEMBL516452,O=C(Nc1ccc(Oc2cccnc2Cl)nc1)c1c[nH]c2ccccc12,inactive,364.7920000000001,4.655900000000002,2.0,4.0,5.0
122,CHEMBL479952,O=C(Nc1ccc(Oc2cccnc2)nc1)c1c[nH]c2ccccc12,inactive,330.3470000000001,4.002500000000001,2.0,4.0,5.0
123,CHEMBL519103,Cc1ccc2c(C(=O)Nc3ccc(Oc4cccnc4C)nc3)c[nH]c2c1,inactive,358.40100000000007,4.619340000000003,2.0,4.0,5.0
124,CHEMBL480699,COc1ccc2[nH]cc(C(=O)Nc3ccc(Oc4cccnc4C)nc3)c2c1,inactive,374.4000000000001,4.319520000000002,2.0,5.0,5.0
125,CHEMBL480127,Cc1ccc2[nH]cc(C(=O)Nc3ccc(Oc4cccnc4C)nc3)c2c1,inactive,358.4010000000001,4.619340000000003,2.0,4.0,5.0
126,CHEMBL14460,Cc1cc2c(cc1C(F)(F)F)N(C(=O)Nc1ccc(Oc3cccnc3C)nc1)CC2,active,428.4140000000002,5.499140000000003,1.0,4.0,6.0
127,CHEMBL584554,CCN(CC)C(=O)[C@@H]1C=C2c3cccc4[nH]cc(c34)C[C@H]2N(C(=O)Nc2ccccc2)C1,intermediate,428.5360000000002,4.508300000000003,2.0,2.0,5.576754126063192
128,CHEMBL21343,CCN(CC)C(=O)[C@@H]1C=C2c3cccc4[nH]cc(c34)C[C@H]2NC1,inactive,309.41300000000007,2.5638000000000005,2.0,2.0,5.0
129,CHEMBL576315,NCCn1cc(S(=O)(=O)c2ccccc2)c2cccnc21,intermediate,301.37100000000004,1.8277999999999999,1.0,5.0,5.301029995663981
130,CHEMBL571858,CN(C)CCn1cc(S(=O)(=O)c2cccc(F)c2)c2cccnc21,intermediate,347.4150000000001,2.5698000000000008,0.0,5.0,5.301029995663981
131,CHEMBL584046,CN(C)CCn1cc(S(=O)(=O)c2cccc(Cl)c2)c2cccnc21,intermediate,363.87000000000006,3.084100000000001,0.0,5.0,5.301029995663981
132,CHEMBL565745,NCCn1cc(S(=O)(=O)c2cccc(Cl)c2)c2cccnc21,intermediate,335.81600000000003,2.4812000000000003,1.0,5.0,5.301029995663981
133,CHEMBL565552,CN(C)CCn1cc(S(=O)(=O)c2cccc3ccccc23)c2cccnc21,intermediate,379.48500000000007,3.5839000000000025,0.0,5.0,5.301029995663981
134,CHEMBL1086626,Cc1[nH]c(-c2ccccc2)cc1C(=O)NCCCN1CCN(c2cccc(Cl)c2Cl)CC1,intermediate,471.43200000000024,5.2390200000000045,2.0,3.0,5.734003629504921
135,CHEMBL1086754,Cc1c(C(=O)NCCCN2CCN(c3cccc(Cl)c3Cl)CC2)cc(-c2ccccc2)n1C,active,485.4590000000002,5.249420000000004,1.0,4.0,6.007004901568658
136,CHEMBL1086756,CCCn1c(-c2ccccc2)cc(C(=O)NCCCN2CCN(c3cccc(Cl)c3Cl)CC2)c1C,active,513.5130000000003,6.122420000000007,1.0,4.0,6.1904402853647325
137,CHEMBL1092929,O=C(CNC(=O)c1cccc(C(F)(F)F)c1)N[C@@H]1CCN(CCC2CCN(C(=O)c3ccccc3)CC2)C1,inactive,530.5910000000002,3.5682000000000027,2.0,4.0,5.0
138,CHEMBL1089881,O=C(CNC(=O)c1cccc(C(F)(F)F)c1)N[C@@H]1CCN(CCC2CCN(C(=O)c3ccccc3F)CC2)C1,inactive,548.5810000000001,3.7073000000000027,2.0,4.0,5.0
139,CHEMBL1092921,O=C(CNC(=O)c1cccc(C(F)(F)F)c1)N[C@@H]1CCN(CCC2CCN(C(=O)c3cc(F)ccc3F)CC2)C1,inactive,566.5710000000001,3.8464000000000036,2.0,4.0,5.0
140,CHEMBL1088874,O=C(CNC(=O)c1cccc(C(F)(F)F)c1)N[C@@H]1CCN(CCC2CCN(C(=O)c3ccccc3Cl)CC2)C1,inactive,565.0360000000002,4.221600000000004,2.0,4.0,5.0
141,CHEMBL1093469,O=C(CNC(=O)c1cccc(C(F)(F)F)c1)N[C@@H]1CCN(CCN2CCN(C(=O)c3ccccc3)CC2)C1,inactive,531.5790000000003,2.0837,2.0,5.0,5.0
142,CHEMBL1092238,O=C(CNC(=O)c1cccc(C(F)(F)F)c1)N[C@@H]1CCN(CCN2CCN(C(=O)c3ccccc3Cl)CC2)C1,inactive,566.0240000000001,2.7371000000000008,2.0,5.0,5.0
143,CHEMBL1089793,O=C(CNC(=O)c1cccc(C(F)(F)F)c1)N[C@@H]1CCN(CCN2CCN(C(=O)c3cc(F)ccc3F)CC2)C1,inactive,567.5590000000002,2.3619000000000003,2.0,5.0,5.0
144,CHEMBL1093802,O=C(CNC(=O)c1cccc(C(F)(F)F)c1)N[C@@H]1CCN(CCN2CCN(C(=O)c3ccccc3F)CC2)C1,intermediate,549.5690000000002,2.2228000000000003,2.0,5.0,5.42021640338319
145,CHEMBL1222134,CC(C)N(c1cccc(N2CCN(C)CC2)c1)S(=O)(=O)c1ccc2ccccc2c1,active,423.58200000000005,4.195300000000004,0.0,4.0,6.0
146,CHEMBL1222138,CC(C)N(c1cccc(N2CCN(C)CC2)c1)S(=O)(=O)c1ccccc1,inactive,373.522,3.0421000000000022,0.0,4.0,5.0
147,CHEMBL1222234,CC(C)N(c1cccc(N2CCN(C)CC2)c1)S(=O)(=O)c1cccc2ccccc12,inactive,423.58200000000005,4.195300000000004,0.0,4.0,5.0
148,CHEMBL1222362,CN1CCN(c2cccc(N(C)S(=O)(=O)c3ccc4ccccc4c3)c2)CC1,inactive,395.52800000000013,3.4167000000000023,0.0,4.0,5.0
149,CHEMBL1222363,CCCN(c1cccc(N2CCN(C)CC2)c1)S(=O)(=O)c1ccc2ccccc2c1,inactive,423.58200000000005,4.196900000000004,0.0,4.0,5.0
150,CHEMBL1222364,CCN(c1cccc(N2CCN(C)CC2)c1)S(=O)(=O)c1ccc2ccccc2c1,inactive,409.55500000000006,3.8068000000000026,0.0,4.0,5.0
151,CHEMBL1221449,CN1CCN(c2cccc(N(CC3CC3)S(=O)(=O)c3ccc4ccccc4c3)c2)CC1,inactive,435.59300000000013,4.196900000000004,0.0,4.0,5.0
152,CHEMBL1221452,CN1CCN(c2cccc(N(Cc3ccccc3)S(=O)(=O)c3ccc4ccccc4c3)c2)CC1,inactive,471.6260000000002,4.987100000000005,0.0,4.0,5.0
153,CHEMBL1221497,CN1CCN(c2cccc(NS(=O)(=O)c3ccc4ccccc4c3)c2)CC1,inactive,381.50100000000015,3.392400000000002,1.0,4.0,5.0
154,CHEMBL1082723,C[C@H]1Cc2c([nH]c3cc(Cl)c(F)cc23)[C@@]2(N1)C(=O)Nc1ccc(Cl)cc12,inactive,390.24500000000006,4.343700000000003,3.0,2.0,5.0
155,CHEMBL1642116,CN1CCN(c2ccc3c(c2)N(S(=O)(=O)c2ccc4ccccc4c2)CCC3=O)CC1,intermediate,435.54900000000026,3.373300000000002,0.0,5.0,5.442132038431978
156,CHEMBL1642117,CN1CCN(c2cccc3c2C(=O)CCN3S(=O)(=O)c2ccc3ccccc3c2)CC1,intermediate,435.54900000000015,3.373300000000002,0.0,5.0,5.747389659432627
157,CHEMBL1642118,CC1CC(=O)c2ccc(N3CCN(C)CC3)cc2N1S(=O)(=O)c1ccc2ccccc2c1,inactive,449.5760000000001,3.7618000000000027,0.0,5.0,5.0
158,CHEMBL1642123,CC1CC(=O)c2c(N3CCN(C)CC3)cccc2N1S(=O)(=O)c1ccc2ccccc2c1,intermediate,449.57600000000014,3.7618000000000027,0.0,5.0,5.257903597696756
159,CHEMBL1642126,CCC1CC(=O)c2c(N3CCN(C)CC3)cccc2N1S(=O)(=O)c1ccc2ccccc2c1,inactive,463.6030000000001,4.151900000000004,0.0,5.0,5.0
160,CHEMBL1642128,Cc1cc(N2CCN(C)CC2)c2c(c1)N(S(=O)(=O)c1ccc3ccccc3c1)C(C)CC2=O,inactive,463.60300000000024,4.0702200000000035,0.0,5.0,5.0
161,CHEMBL3216758,Cc1nc(C(=O)NCCN2CCN(c3cccc(Cl)c3Cl)CC2)c(C)n1-c1ccccc1.Cl.Cl.Cl.Cl,intermediate,472.4200000000002,4.347940000000004,1.0,5.0,5.404283380056576
162,CHEMBL3216098,Cc1nc(C(=O)NCCCN2CCN(c3cccc(Cl)c3Cl)CC2)c(C)n1-c1ccccc1.Cl.Cl.Cl.Cl,inactive,486.44700000000023,4.738040000000004,1.0,5.0,5.0
163,CHEMBL296419,COc1ccc(CCN2CCC(Nc3nc4ccccc4n3Cc3ccc(F)cc3)CC2)cc1,intermediate,458.58100000000024,5.351300000000005,1.0,5.0,5.2155966982469915
164,CHEMBL633,CCCCc1oc2ccccc2c1C(=O)c1cc(I)c(OCCN(CC)CC)c(I)c1,inactive,645.3190000000002,6.936200000000007,0.0,4.0,4.751536282448968
165,CHEMBL305660,CC(C)(C)c1ccc(C(=O)CCCN2CCC(OC(c3ccccc3)c3ccccc3)CC2)cc1,intermediate,469.6690000000001,7.217600000000008,0.0,3.0,5.886190297327055
166,CHEMBL808,Clc1ccc(COC(Cn2ccnc2)c2ccc(Cl)cc2Cl)cc1,intermediate,381.69000000000005,5.801400000000003,0.0,3.0,5.030211462585061
167,CHEMBL726,OCCN1CCN(CCCN2c3ccccc3Sc3ccc(C(F)(F)F)cc32)CC1,intermediate,437.5310000000002,4.308100000000003,1.0,5.0,5.230844309285601
168,CHEMBL964,CCN(CC)C(=S)SSC(=S)N(CC)CC,intermediate,296.5520000000001,3.6212000000000026,0.0,4.0,5.501689446210399
169,CHEMBL104,Clc1ccccc1C(c1ccccc1)(c1ccccc1)n1ccnc1,inactive,344.845,5.376700000000004,0.0,2.0,4.700732468391398
170,CHEMBL71,CN(C)CCCN1c2ccccc2Sc2ccc(Cl)cc21,intermediate,318.8730000000001,4.894400000000004,0.0,3.0,5.864867348623225
171,CHEMBL728,CN1CCN(CCCN2c3ccccc3Sc3ccc(Cl)cc32)CC1,intermediate,373.95300000000015,4.580200000000004,0.0,4.0,5.636200054520891
172,CHEMBL91,Clc1ccc(COC(Cn2ccnc2)c2ccc(Cl)cc2Cl)c(Cl)c1,inactive,416.1350000000001,6.454800000000002,0.0,3.0,4.816160962943579
173,CHEMBL479,CSc1ccc2c(c1)N(CCC1CCCCN1C)c1ccccc1S2,intermediate,370.587,5.885600000000005,0.0,4.0,5.833273944419949
174,CHEMBL83,CC/C(=C(\c1ccccc1)c1ccc(OCCN(C)C)cc1)c1ccccc1,inactive,371.524,5.9961000000000055,0.0,2.0,4.9522968918656955
175,CHEMBL267930,O=C(CCCN1CCC2(CC1)C(=O)NCN2c1ccccc1)c1ccc(F)cc1,active,395.47800000000007,3.217100000000001,1.0,4.0,9.301029995663981
176,CHEMBL2392351,COc1ccccc1N1CCN(CCCCCN2Cc3c(Cl)nc4ccccc4c3C2=O)CC1,active,479.02400000000017,4.845100000000005,0.0,5.0,7.0
177,CHEMBL2392349,COc1ccccc1N1CCN(CCCCCN2Cc3ccc4ccccc4c3C2=O)CC1,active,443.5910000000002,4.796700000000005,0.0,4.0,7.187086643357144
178,CHEMBL3335535,c1ccc(CCC2CN(Cc3nc4ccccc4[nH]3)CCO2)cc1,active,321.42400000000015,3.3965000000000014,1.0,3.0,6.443697499232712
179,CHEMBL3335536,c1ccc(CC[C@H]2CN(Cc3nc4ccccc4[nH]3)CCO2)cc1,inactive,321.42400000000015,3.3965000000000014,1.0,3.0,4.0
180,CHEMBL3335537,c1ccc(CC[C@@H]2CN(Cc3nc4ccccc4[nH]3)CCO2)cc1,active,321.42400000000015,3.3965000000000014,1.0,3.0,6.7447274948966935
181,CHEMBL3335554,FC(F)(F)Oc1ccc(CN2CCO[C@H](CCc3ccccc3)C2)cc1,active,365.39500000000004,4.418800000000004,0.0,3.0,6.638272163982407
182,CHEMBL3335555,Oc1ccc(CN2CCO[C@H](CCc3ccccc3)C2)cc1,active,297.3980000000001,3.225800000000002,1.0,3.0,7.0
183,CHEMBL3335556,Clc1ccc(CN2CCO[C@H](CCc3ccccc3)C2)cc1,active,315.84400000000005,4.173600000000003,0.0,2.0,6.886056647693163
184,CHEMBL3335538,FC(F)(F)Oc1ccc(CN2CCOC(CCc3ccccc3)C2)cc1,active,365.39500000000004,4.418800000000004,0.0,3.0,6.795880017344075
185,CHEMBL3335539,COc1ccc(CN2CCOC(CCc3ccccc3)C2)cc1,active,311.425,3.528800000000002,0.0,3.0,6.769551078621726
186,CHEMBL3335540,Clc1ccc(CN2CCOC(CCc3ccccc3)C2)cc1,active,315.84400000000005,4.173600000000003,0.0,2.0,6.5376020021010435
187,CHEMBL3335541,Cc1ccccc1CN1CCOC(CCc2ccccc2)C1,intermediate,295.426,3.8286200000000026,0.0,2.0,5.434152181326482
188,CHEMBL3335542,FC(F)(F)Oc1cccc(CN2CCOC(CCc3ccccc3)C2)c1,active,365.3950000000001,4.418800000000003,0.0,3.0,6.4089353929735005
189,CHEMBL3335543,Fc1ccc(CN2CCOC(CCc3ccccc3)C2)cc1,intermediate,299.38900000000007,3.6593000000000027,0.0,2.0,5.943095148663527
190,CHEMBL3335544,c1ccc(CCC2CN(Cc3ccccc3)CCO2)cc1,intermediate,281.399,3.5202000000000027,0.0,2.0,5.8297382846050425
191,CHEMBL3335545,Fc1cccc(F)c1CN1CCOC(CCc2ccccc2)C1,intermediate,317.379,3.7984000000000027,0.0,2.0,5.411168274405792
192,CHEMBL3793264,COc1ccc(CN2CCO[C@H](COc3cccnc3)C2)cc1,active,314.38500000000005,2.37,0.0,5.0,6.6777807052660805
193,CHEMBL3793033,Clc1ccc(CN2CCO[C@H](COc3cccnc3)C2)cc1,active,318.80400000000003,3.014800000000001,0.0,4.0,6.987162775294828
194,CHEMBL3793347,Fc1cccc2[nH]cc(CN3CCO[C@H](COc4ccccc4)C3)c12,intermediate,340.398,3.586800000000002,1.0,3.0,5.416801226031377
195,CHEMBL3793782,Fc1ccc2c(CN3CCO[C@H](COc4ccccc4)C3)c[nH]c2c1,active,340.3980000000001,3.586800000000002,1.0,3.0,7.723538195826756
196,CHEMBL3792805,COc1ccc2c(CN3CCO[C@H](COc4ccccc4)C3)c[nH]c2c1,active,352.434,3.4563000000000024,1.0,4.0,7.709965388637482
197,CHEMBL3793906,Clc1ccc2[nH]cc(CN3CCO[C@H](COc4ccccc4)C3)c2c1,active,356.853,4.101100000000002,1.0,3.0,6.886056647693163
198,CHEMBL3793890,COc1ccc2[nH]cc(CN3CCO[C@H](COc4ccccc4)C3)c2c1,active,352.434,3.4563000000000024,1.0,4.0,6.337242168318426
199,CHEMBL3793137,Clc1ccc2c(CN3CCO[C@H](COc4ccccc4)C3)c[nH]c2c1,active,356.853,4.101100000000002,1.0,3.0,8.096910013008056
200,CHEMBL3793438,c1ccc(OC[C@@H]2CN(Cc3ccc4[nH]ccc4c3)CCO2)cc1,active,322.40800000000013,3.447700000000002,1.0,3.0,7.236572006437063
201,CHEMBL3792637,Cn1ncc2cc(CN3CCO[C@H](COc4ccccc4)C3)ccc21,active,337.42300000000006,2.8531000000000013,0.0,5.0,6.769551078621726
202,CHEMBL3793266,FC1(F)Oc2ccc(CN3CCO[C@H](COc4ccccc4)C3)cc2O1,active,363.36,3.2879000000000023,0.0,5.0,6.585026652029182
203,CHEMBL3792813,c1ccc(OC[C@@H]2CN(Cc3cccc4cc[nH]c34)CCO2)cc1,active,322.40800000000013,3.447700000000002,1.0,3.0,6.886056647693163
204,CHEMBL3793996,c1ccc(OC[C@@H]2CN(Cc3n[nH]c4ccccc34)CCO2)cc1,active,323.39600000000013,2.8427000000000007,1.0,4.0,7.187086643357144
205,CHEMBL3792931,c1ccc(OC[C@@H]2CN(Cc3ncn4ccccc34)CCO2)cc1,active,323.39600000000013,2.6141000000000005,0.0,5.0,6.886056647693163
206,CHEMBL3792541,c1ccc(OC[C@@H]2CN(Cc3cn4ccccc4n3)CCO2)cc1,active,323.39600000000013,2.6141000000000005,0.0,5.0,6.229147988357855
207,CHEMBL3792638,CSc1ccc(CN2CCO[C@H](COc3ccccc3)C2)cc1,active,329.46500000000003,3.6883000000000026,0.0,4.0,7.236572006437063
208,CHEMBL3792941,COc1ccc(CN2CCO[C@H](COc3ccccc3)C2)cc1OC,active,343.4230000000001,2.983600000000002,0.0,5.0,6.823908740944319
209,CHEMBL3794375,FC(F)(F)Oc1ccc(CN2CCO[C@H](COc3ccccc3)C2)cc1,active,367.367,3.865000000000003,0.0,4.0,6.7447274948966935
210,CHEMBL3793389,COc1cc(CN2CCO[C@H](COc3ccccc3)C2)ccc1Cl,active,347.8420000000001,3.6284000000000027,0.0,4.0,7.376750709602099
211,CHEMBL3792438,COc1ccc(CN2CCO[C@H](COc3ccccc3)C2)cc1Cl,active,347.8420000000001,3.6284000000000027,0.0,4.0,7.42021640338319
212,CHEMBL3794529,COc1cc(CN2CCO[C@H](COc3ccccc3)C2)ccc1F,active,331.38700000000006,3.1141000000000014,0.0,4.0,7.376750709602099
213,CHEMBL3793910,COc1ccc(CN2CCO[C@H](COc3ccccc3)C2)cc1F,active,331.38700000000006,3.1141000000000023,0.0,4.0,7.251811972993799
214,CHEMBL3793072,Fc1ccc(CN2CCO[C@H](COc3ccccc3)C2)cc1C(F)(F)F,active,369.35800000000006,4.124300000000003,0.0,3.0,6.494850021680094
215,CHEMBL3792728,Fc1cc(CN2CCO[C@H](COc3ccccc3)C2)ccc1C(F)(F)F,active,369.35800000000006,4.124300000000003,0.0,3.0,7.236572006437063
216,CHEMBL3794469,Clc1ccc(CN2CCO[C@H](COc3ccccc3)C2)cc1Cl,active,352.2610000000001,4.273200000000004,0.0,3.0,7.013228265733755
217,CHEMBL3793062,Fc1ccc(CN2CCO[C@H](COc3ccccc3)C2)cc1F,active,319.35100000000006,3.244600000000002,0.0,3.0,6.275724130399211
218,CHEMBL3794174,Fc1cc(CN2CCO[C@H](COc3ccccc3)C2)ccc1Cl,active,335.80600000000004,3.7589000000000032,0.0,3.0,7.161150909262744
219,CHEMBL3793169,Fc1ccc(CN2CCO[C@H](COc3ccccc3)C2)cc1Cl,active,335.80600000000004,3.7589000000000032,0.0,3.0,7.2076083105017466
220,CHEMBL3794336,c1ccc(OC[C@@H]2CN(Cc3ccc4ccccc4n3)CCO2)cc1,intermediate,334.4190000000001,3.5146000000000024,0.0,4.0,5.954677021213342
221,CHEMBL3792556,c1ccc(OC[C@@H]2CN(Cc3ccc4ccccc4c3)CCO2)cc1,active,333.4310000000001,4.119600000000003,0.0,3.0,7.1938200260161125
222,CHEMBL3793858,COc1ccc(CN2CCO[C@H](COc3ccccc3)C2)cc1,active,313.39700000000005,2.9750000000000014,0.0,4.0,6.795880017344075
223,CHEMBL3792923,Cc1ccc(CN2CCO[C@H](COc3ccccc3)C2)cc1C,active,311.4250000000001,3.5832400000000026,0.0,3.0,7.346787486224656
224,CHEMBL3793112,Clc1ccc(CN2CCO[C@H](COc3ccccc3)C2)cc1,active,317.81600000000003,3.6198000000000023,0.0,3.0,6.823908740944319
225,CHEMBL3793709,Clc1ccc(CN2CCO[C@H](COc3ccccn3)C2)cc1,intermediate,318.80400000000003,3.014800000000001,0.0,4.0,5.580044251510242
226,CHEMBL3794199,Fc1ccc(OC[C@@H]2CN(Cc3ccc(Cl)cc3)CCO2)cc1,active,335.8060000000001,3.7589000000000024,0.0,3.0,7.42021640338319
227,CHEMBL3793375,COc1ccc(CN2CCO[C@H](COc3ccc(F)cc3)C2)cc1,active,331.38700000000006,3.1141000000000014,0.0,4.0,7.327902142064283
228,CHEMBL3793612,COc1ccc(CN2CCO[C@H](COc3cccc(F)c3)C2)cc1Cl,active,365.8320000000001,3.7675000000000027,0.0,4.0,7.4089353929735005
229,CHEMBL3792803,COc1cc(CN2CCO[C@H](COc3cccc(F)c3)C2)ccc1Cl,active,365.8320000000001,3.7675000000000027,0.0,4.0,7.431798275933005
230,CHEMBL3793984,COc1ccc(CN2CCO[C@H](COc3cccc(F)c3)C2)cc1,active,331.38700000000006,3.1141000000000023,0.0,4.0,7.036212172654444
231,CHEMBL3794421,COc1ccc(OC[C@@H]2CN(Cc3ccc(Cl)cc3)CCO2)cc1,active,347.8420000000001,3.6284000000000027,0.0,4.0,6.823908740944319
232,CHEMBL3794363,COc1ccc(CN2CCO[C@H](COc3ccc(OC)cc3)C2)cc1,active,343.42300000000006,2.983600000000002,0.0,5.0,6.42021640338319
233,CHEMBL3794287,COc1cccc(OC[C@@H]2CN(Cc3ccc(Cl)cc3)CCO2)c1,active,347.8420000000001,3.6284000000000027,0.0,4.0,6.886056647693163
234,CHEMBL3792907,COc1cc(CN2CCO[C@H](COc3cccc(C#N)c3)C2)ccc1Cl,active,372.8520000000001,3.5000800000000023,0.0,5.0,7.0
235,CHEMBL3793131,COc1ccc(CN2CCO[C@H](COc3cccc(C#N)c3)C2)cc1Cl,active,372.8520000000001,3.5000800000000023,0.0,5.0,6.886056647693163
236,CHEMBL3794013,Fc1ccc2c(CN3CCO[C@H](COc4cccc(F)n4)C3)c[nH]c2c1,active,359.3760000000001,3.1209000000000007,1.0,4.0,7.119186407719209
237,CHEMBL3794158,Fc1cccc(OC[C@@H]2CN(Cc3ccc(Cl)cc3)CCO2)n1,active,336.7940000000001,3.153900000000002,0.0,4.0,6.337242168318426
238,CHEMBL3792532,COc1ccc(CN2CCO[C@H](COc3cccc(F)n3)C2)cc1Cl,active,366.82000000000005,3.1625000000000023,0.0,5.0,6.585026652029182
239,CHEMBL3792751,Fc1ccc2c(CN3CCO[C@H](COc4cccc(Cl)n4)C3)c[nH]c2c1,active,375.83100000000013,3.635200000000001,1.0,4.0,7.924453038607469
240,CHEMBL3792725,Clc1ccc(CN2CCO[C@H](COc3cccc(Cl)n3)C2)cc1,active,353.2490000000001,3.6682000000000023,0.0,4.0,7.0
241,CHEMBL3792731,Clc1ccc(CN2CCO[C@H](CSc3ccccc3)C2)cc1,active,333.88400000000007,4.333100000000003,0.0,3.0,7.468521082957745
242,CHEMBL3794079,Cc1ccc(CN2CCO[C@H](CSc3ccccc3)C2)cc1C,active,327.4930000000001,4.296540000000004,0.0,3.0,7.568636235841013
243,CHEMBL3906995,O=c1[nH]c(CN2CCN(c3cccc(O)c3)CC2)nc2ccccc12,active,336.3950000000001,1.9508999999999999,2.0,5.0,6.301029995663981
244,CHEMBL1429613,O=c1[nH]c(CN2CCN(c3ccccc3O)CC2)nc2ccccc12,inactive,336.3950000000001,1.9508999999999999,2.0,5.0,5.0
245,CHEMBL3900329,O=c1[nH]c(CN2CCN(c3ccc(O)cc3)CC2)nc2ccccc12,inactive,336.3950000000001,1.9508999999999999,2.0,5.0,4.522878745280337
246,CHEMBL3354065,CCCCC1CCN(CCCN2C(=O)CCc3ccccc32)CC1,active,328.50000000000006,4.258100000000004,0.0,2.0,6.929999096197655
247,CHEMBL3354073,O=C1CCc2ccccc2N1CCCN1CCC(CCCCCO)CC1,active,358.5260000000002,3.620600000000003,1.0,3.0,6.900008766455316
248,CHEMBL4072818,O=C1CCc2ccccc2N1CCCN1CCC(Cc2ccccc2)CC1,active,362.51700000000005,4.3106000000000035,0.0,2.0,6.770011163455189
249,CHEMBL4085780,O=C1CCc2ccccc2N1CCCN1CCN(c2ccccc2)CC1,active,349.47800000000007,3.1781000000000024,0.0,3.0,8.010016541698601
250,CHEMBL267014,Clc1ccc(N2CCN(Cc3c[nH]c4ncccc34)CC2)cc1,active,326.83100000000013,3.5385000000000018,1.0,3.0,7.029978734171634
251,CHEMBL4563944,COc1ccccc1N1CCN(CCCNC(=O)NN(Cc2ccccc2)c2ccc(F)cc2)CC1,active,491.61100000000016,4.267400000000003,2.0,5.0,7.309803919971486
252,CHEMBL4442460,COc1ccccc1N1CCN(CCCNC(=O)NN(Cc2ccccc2)c2ccccc2)CC1,active,473.62100000000015,4.128300000000003,2.0,5.0,6.346787486224656
253,CHEMBL4544086,COc1ccccc1N1CCN(CCCNC(=O)NN(Cc2ccc(F)cc2)c2ccccc2)CC1,active,491.61100000000016,4.267400000000003,2.0,5.0,6.2076083105017466
254,CHEMBL375596,Cc1cccc(NC(=O)CN2CCC(c3ccccn3)CC2)c1,active,309.41300000000007,3.208120000000002,1.0,3.0,7.164943898279883
255,CHEMBL216393,Cc1cccc(NC(=O)CN2CCC(c3ccccc3)CC2)c1,active,308.42500000000007,3.813120000000003,1.0,2.0,8.698970004336019
256,CHEMBL4473792,Cc1ccc(C2CCN(CC(=O)Nc3cccc(C)c3)CC2)cc1,intermediate,322.4520000000001,4.121540000000003,1.0,2.0,5.513711239039433
257,CHEMBL4436479,Cc1cccc(NC(=O)CN2CCC(c3ccc(Cl)cc3)CC2)c1,inactive,342.8700000000001,4.466520000000004,1.0,2.0,4.153928990213592
258,CHEMBL4587925,Cc1ccc(C2CCN(CC(=O)Nc3cccc(C)c3)CC2)nc1,active,323.4400000000001,3.5165400000000018,1.0,3.0,6.343901797987168
259,CHEMBL4448320,Cc1cccc(NC(=O)CN2CCN(c3ccccn3)CC2)c1,active,310.40100000000007,2.1507199999999997,1.0,4.0,7.082494490447453
260,CHEMBL4443054,Cc1cccc(NC(=O)CN2CCN(c3ncccn3)CC2)c1,active,311.38900000000007,1.5457199999999998,1.0,5.0,6.334419008982047
261,CHEMBL4572245,Cc1cccc(NC(=O)CN2CCN(c3ccc(Cl)cn3)CC2)c1,intermediate,344.84600000000006,2.804120000000001,1.0,4.0,5.327809748811747
262,CHEMBL4473652,Cc1cccc(NC(=O)CN2CCN(c3cccc4ccccc34)CC2)c1,intermediate,359.4730000000001,3.908920000000003,1.0,3.0,5.598427154323554
263,CHEMBL4464861,Cc1cccc(NC(=O)CCN2CCC(c3ccccn3)CC2)c1,intermediate,323.44000000000005,3.598220000000002,1.0,3.0,5.1977052886025366
264,CHEMBL4454068,Cc1cccc(NC(=O)CCN2CCN(c3ccccn3)CC2)c1,intermediate,324.42800000000005,2.540820000000001,1.0,4.0,5.78807891569149
265,CHEMBL4588808,Cc1cccc(NC(=O)CCN2CCN(c3ncccn3)CC2)c1,intermediate,325.41600000000005,1.9358199999999999,1.0,5.0,5.673664139071248
266,CHEMBL4437912,CCc1cccc(NC(=O)CN2CCC(c3ccccn3)CC2)c1,intermediate,323.44000000000005,3.462100000000002,1.0,3.0,5.719421629631924
267,CHEMBL4442548,CCc1cccc(NC(=O)CN2CCN(c3ccccn3)CC2)c1,intermediate,324.42800000000005,2.4047,1.0,4.0,5.8823973083099155
268,CHEMBL4443848,CCc1cccc(NC(=O)CN2CCN(c3ccc(Cl)cn3)CC2)c1,intermediate,358.87300000000005,3.0581000000000014,1.0,4.0,5.151256818104316
269,CHEMBL4592753,O=C(CN1CCN(c2ccccn2)CC1)Nc1cccnc1,inactive,297.362,1.2372999999999994,1.0,5.0,4.063019039175512
270,CHEMBL4591118,O=C(CN1CCN(c2ccc(Cl)cn2)CC1)Nc1cccnc1,inactive,331.807,1.8906999999999996,1.0,5.0,4.3979400086720375
271,CHEMBL4453069,O=C(CN1CCN(c2ccccn2)CC1)Nc1cncnc1,inactive,298.35,0.6322999999999994,1.0,6.0,4.0
272,CHEMBL4456754,O=C(CN1CCN(c2ccc(Cl)cn2)CC1)Nc1cncnc1,inactive,332.795,1.2856999999999998,1.0,6.0,4.0
273,CHEMBL20734,CNc1cc(OC)c(C(=O)NC2CCN(Cc3ccccc3)C2C)cc1Cl,active,387.91100000000006,3.783100000000003,2.0,4.0,7.00788851221305
274,CHEMBL4476784,COc1ccc(OCCN2CCN(C(=O)c3cc4ccccc4[nH]3)CC2)cc1,inactive,379.4600000000001,3.013300000000001,1.0,4.0,4.301029995663981
275,CHEMBL4630641,CSc1cccnc1N1CCN(Cc2nc3ccccc3[nH]2)CC1,active,339.468,3.0020000000000007,1.0,5.0,8.0
